,profileName,user_id
0,"E. A Solinas ""ea_solinas""",1
1,A Customer,2
2,Avid Reader,3
3,Sarah,4
4,John,5
5,Reader,6
6,Lauren,7
7,Anonymous,8
8,Midwest Book Review,9
9,Lisa,10
10,Mike,11
11,Rachel,12
12,"Iron Mike ""Portnoy, not Tyson""",13
13,Susan,14
14,Melissa,15
15,Jane,16
16,Jennifer,17
17,Amy,18
18,Pen Name,19
19,Jessica,20
20,David,21
21,Chris,22
22,Rebecca,23
23,Stephanie,24
24,Karen,25
25,Amanda,26
26,Katie,27
27,James,28
28,Julie,29
29,"bernie ""xyzzy""",30
30,Emily,31
31,Heather,32
32,Ashley,33
33,CoffeeGurl,34
34,Eric Robert Juggernaut,35
35,Bill R. Moore,36
36,Mary,37
37,Sara,38
38,Misfit,39
39,Sean Ares Hirsch,40
40,Michael,41
41,Laura,42
42,"C. M Mills ""Michael Mills""",43
43,Nicole,44
44,Paul,45
45,Megan,46
46,Harriet Klausner,47
47,Gail Cooke,48
48,ck,49
49,"Blue Tyson ""- Research Finished""",50
50,Jordi Vilalta Lopez,51
51,"Donald Mitchell ""Jesus Loves You!""",52
52,Erin,53
53,Dave,54
54,Tom,55
55,Beth,56
56,Kristen,57
57,Gary Selikow,58
58,Book Lover,59
59,"tvtv3 ""tvtv3""",60
60,Jen,61
61,Alex,62
62,Kat,63
63,Martin Asiner,64
64,Nick,65
65,Kate,66
66,Notnadia,67
67,Steve,68
68,"S. Schwartz ""romonko""",69
69,Tammy,70
70,Michele,71
71,J. Robinson,72
72,lazza,73
73,"Jennifer B. Barton ""Beth Barton""",74
74,Elizabeth,75
75,whj,76
76,Emma,77
77,Jason,78
78,Angela,79
79,Ryan,80
80,Carol,81
81,Anna,82
82,K. Johnson,83
83,Guillermo Maynez,84
84,A reader,85
85,Jenny,86
86,Linda,87
87,Christine,88
88,"R. M. Fisher ""Raye""",89
89,"HardyBoy64 ""RLC""",90
90,Andrew,91
91,michaelle,92
92,Holly,93
93,Jan,94
94,Joe,95
95,"M ""CultOfStrawberry""",96
96,anonymous,97
97,Patricia,98
98,A Reader,99
99,"Robert P. Beveridge ""xterminal""",100
100,Brian,101
101,Ash Ryan,102
102,Eric,103
103,Kelly,104
104,Barbara,105
105,Sue,106
106,Jay,107
107,Diana,108
108,"A. T. A. Oliveira ""A. T. A. Oliveira""",109
109,"Jana L. Perskie ""ceruleana""",110
110,Sarah Galperin,111
111,"Lisabeth Vefall ""Liz""",112
112,Joseph Boone,113
113,Maria,114
114,Sam,115
115,Wendy Kaplan,116
116,"Shalom Freedman ""Shalom Freedman""",117
117,Ben,118
118,"Tara Walker Gross ""Avid Reader""",119
119,Amanda Pike,120
120,Scott,121
121,Nancy,122
122,Robin,123
123,"fra7299 ""fra7299""",124
124,"Style Maven ""KP""",125
125,"Peggy Vincent ""author and reader""",126
126,Kim,127
127,Haley,128
128,Lawyeraau,129
129,Ann,130
130,Kimberly,131
131,A.J.,132
132,"Ravenskya ""Princess of Horror""",133
133,Melanie,134
134,D. Johnson,135
135,Matt,136
136,Tiffany,137
137,Donna,138
138,"Steven R. McEvoy ""MCWPP""",139
139,Courtney,140
140,Jeremy,141
141,Jess,142
142,Liz,143
143,Janet,144
144,Bookreporter,145
145,Anthony,146
146,Evan Wearne,147
147,A. Luciano,148
148,Konstantin,149
149,Crystal,150
150,"BOB ""A cultural pilgrim""",151
151,booknblueslady,152
152,Soma,153
153,George,154
154,D,155
155,Cindy,156
156,"C. Ebeling ""ctlpareader""",157
157,Kevin,158
158,"Orrin C. Judd ""brothersjudddotcom""",159
159,Dee,160
160,Lucy,161
161,Serene,162
162,Jessica Lux,163
163,"B. McEwan ""yellokat""",164
164,Jo,165
165,Debbie,166
166,Charles,167
167,"Jessica Ball ""Books: A true story""",168
168,Peter Reeve,169
169,"Vivek Sharma ""Kavi""",170
170,Bookworm,171
171,Christina,172
172,JM,173
173,"Loyd E. Eskildson ""Pragmatist""",174
174,Robert,175
175,Dan,176
176,Frikle,177
177,Amber,178
178,Nikki,179
179,Hannah,180
180,"Sandra D. Peters ""Seagull Books""",181
181,Michelle,182
182,Senior High,183
183,Justin,184
184,Bob,185
185,Greg,186
186,Tina,187
187,Loran,188
188,Rob,189
189,Valerie,190
190,avid reader,191
191,Karri,192
192,Jack,193
193,bookworm,194
194,Natalie,195
195,Sandy,196
196,Victoria,197
197,Lauren Magnussen,198
198,Jenn,199
199,Jonathan,200
200,Christopher B. Jonnes,201
201,Busy Mom,202
202,Ellen,203
203,"Plume45 ""kitka12345""",204
204,Marilyn,205
205,Steph,206
206,Becky,207
207,Daniel,208
208,"Dave_42 ""Dave_42""",209
209,"B. Marold ""Bruce W. Marold""",210
210,Michael J. Edelman,211
211,Stacey,212
212,"Enola ""The Book Critic""",213
213,JR Pinto,214
214,"Valerie Matteson ""Bookaholic""",215
215,"Daniel Jolley ""darkgenius""",216
216,Andrea,217
217,JD,218
218,Linda Linguvic,219
219,Kelsey May Dangelo,220
220,MG,221
221,Bill,222
222,Stephen,223
223,Kathy,224
224,Dr. Bojan Tunguz,225
225,Crystal Starr Light,226
226,Mark,227
227,Tracey,228
228,"Rebecca of Amazon ""The Rebecca Review""",229
229,a reader,230
230,Natalie E. Ramm,231
231,maggee,232
232,Themis-Athena,233
233,David Evans,234
234,I ain't no porn writer,235
235,Bri,236
236,Armchair Interviews,237
237,"Julee Rudolf ""book snob""",238
238,Joy,239
239,Cheryl,240
240,"Eric Wilson ""novelist""",241
241,Caraculiambro,242
242,Theresa W,243
243,"Karissa Eckert ""Devourer of all books fantasy""",244
244,Jeanette Binda,245
245,Jill,246
246,"Rossana Snee ""Book-a-holic""",247
247,Raymond Mathiesen,248
248,Paulina,249
249,genevieve,250
250,Wasisco,251
251,Rheazblaze,252
252,"Jacques COULARDEAU ""A soul doctor, so to say""",253
253,"Matthew M. Yau ""Voracious reader""",254
254,Barb Mechalke,255
255,"bookworm ""fv4881""",256
256,Boyko Ovcharov,257
257,Lee,258
258,Michael Valdivielso,259
259,Don,260
260,Peter,261
261,"Chris ""Okie""",262
262,"L ""fairytales&dreams""",263
263,Unknown,264
264,J. Smallridge,265
265,"J. Lin ""Jeff Lin""",266
266,Sean K,267
267,Cloggie Downunder,268
268,Kendal B. Hunter,269
269,Lawrance M. Bernabo,270
270,Chelsea,271
271,"J. Baker ""kairilily""",272
272,"Julie Merilatt ""julzddm""",273
273,JG,274
274,Heidi,275
275,Sung Chong,276
276,"John Matlock ""Gunny""",277
277,Gideon Kalve Jarvis,278
278,Josh,279
279,J. Harrison,280
280,Subhankar Mondal,281
281,"Miami Bob ""Resurgent Reading""",282
282,S. Girard,283
283,Andy,284
284,Fran,285
285,"""littleoldme""",286
286,Diego Zlotogora,287
287,A. mancebo,288
288,"Donna K. ""bookcrosser""",289
289,"Kelly ""Reviewer for The Sinfully Sensuous""",290
290,"Katherine Hooper ""Kat at FanLit""",291
291,Patty,292
292,"""marc83""",293
293,Jennifer Sicurella,294
294,mngrrl26,295
295,ANNETTE GARVER,296
296,Jeff,297
297,Pat,298
298,Sylviastel,299
299,Alexandra,300
300,Candy,301
301,Lara,302
302,Mari,303
303,Sara Stanch,304
304,Dr. Janet C. Herrmann,305
305,"Tamela Mccann ""taminator40""",306
306,Frank,307
307,"R. Bagula ""Roger L. Bagula""",308
308,Dr Cathy Goodwin,309
309,"Randall L. Wilson ""Randy Wilson""",310
310,Dawn,311
311,JB,312
312,Ed Uyeshima,313
313,Min Farshaw,314
314,Melissa Niksic,315
315,Dan English,316
316,Lynne,317
317,Richard,318
318,M. Strong,319
319,"J. Moon ""terrapinjer03""",320
320,A,321
321,Bob Hoskins,322
322,"Terri J. Rice ""ricepaper""",323
323,Crissy,324
324,Bethany,325
325,Stephanie Manley,326
